,mrio,order,psi,base_alpha,max_alpha,tau_alpha,sectors_scenario,recovery_scenario,flood_scenario
0,eora26_full_2000,alt,0.8,1,1.25,90,default,recfast,germany21
1,eora26_full_2000,alt,0.8,1,1.25,90,default,reclin2,germany21
2,eora26_full_2000,alt,0.8,1,1.25,90,default,recS2,germany21
3,eora26_full_2000,alt,0.8,1,1.25,90,default,reclin6,germany21
4,eora26_full_2000,alt,0.8,1,1.25,90,default,recS6,germany21
5,eora26_full_2000,alt,0.8,1,1.25,90,default,reb90,germany21
6,eora26_full_2000,alt,0.8,1,1.25,90,default,reb90q,germany21
7,eora26_full_2000,alt,0.8,1,1.25,90,default,reb180q,germany21
8,eora26_full_2000,alt,0.8,1,1.25,90,default,reb180,germany21
9,eora26_full_2000,alt,0.8,1,1.25,90,default,reb365,germany21
10,eora26_full_2000,alt,0.8,1,1.25,90,default,reb545,germany21
11,eora26_full_2000,alt,0.8,1,1.25,365,default,recfast,germany21
12,eora26_full_2000,alt,0.8,1,1.25,365,default,reclin2,germany21
13,eora26_full_2000,alt,0.8,1,1.25,365,default,recS2,germany21
14,eora26_full_2000,alt,0.8,1,1.25,365,default,reclin6,germany21
15,eora26_full_2000,alt,0.8,1,1.25,365,default,recS6,germany21
16,eora26_full_2000,alt,0.8,1,1.25,365,default,reb90,germany21
17,eora26_full_2000,alt,0.8,1,1.25,365,default,reb90q,germany21
18,eora26_full_2000,alt,0.8,1,1.25,365,default,reb180q,germany21
19,eora26_full_2000,alt,0.8,1,1.25,365,default,reb180,germany21
20,eora26_full_2000,alt,0.8,1,1.25,365,default,reb365,germany21
21,eora26_full_2000,alt,0.8,1,1.25,365,default,reb545,germany21
22,eora26_full_2000,alt,0.85,1,1.25,90,default,recfast,germany21
23,eora26_full_2000,alt,0.85,1,1.25,90,default,reclin2,germany21
24,eora26_full_2000,alt,0.85,1,1.25,90,default,recS2,germany21
25,eora26_full_2000,alt,0.85,1,1.25,90,default,reclin6,germany21
26,eora26_full_2000,alt,0.85,1,1.25,90,default,recS6,germany21
27,eora26_full_2000,alt,0.85,1,1.25,90,default,reb90,germany21
28,eora26_full_2000,alt,0.85,1,1.25,90,default,reb90q,germany21
29,eora26_full_2000,alt,0.85,1,1.25,90,default,reb180q,germany21
30,eora26_full_2000,alt,0.85,1,1.25,90,default,reb180,germany21
31,eora26_full_2000,alt,0.85,1,1.25,90,default,reb365,germany21
32,eora26_full_2000,alt,0.85,1,1.25,90,default,reb545,germany21
33,eora26_full_2000,alt,0.85,1,1.25,365,default,recfast,germany21
34,eora26_full_2000,alt,0.85,1,1.25,365,default,reclin2,germany21
35,eora26_full_2000,alt,0.85,1,1.25,365,default,recS2,germany21
36,eora26_full_2000,alt,0.85,1,1.25,365,default,reclin6,germany21
37,eora26_full_2000,alt,0.85,1,1.25,365,default,recS6,germany21
38,eora26_full_2000,alt,0.85,1,1.25,365,default,reb90,germany21
39,eora26_full_2000,alt,0.85,1,1.25,365,default,reb90q,germany21
40,eora26_full_2000,alt,0.85,1,1.25,365,default,reb180q,germany21
41,eora26_full_2000,alt,0.85,1,1.25,365,default,reb180,germany21
42,eora26_full_2000,alt,0.85,1,1.25,365,default,reb365,germany21
43,eora26_full_2000,alt,0.85,1,1.25,365,default,reb545,germany21
44,eora26_full_2000,alt,0.95,1,1.25,90,default,recfast,germany21
45,eora26_full_2000,alt,0.95,1,1.25,90,default,reclin2,germany21
46,eora26_full_2000,alt,0.95,1,1.25,90,default,recS2,germany21
47,eora26_full_2000,alt,0.95,1,1.25,90,default,reclin6,germany21
48,eora26_full_2000,alt,0.95,1,1.25,90,default,recS6,germany21
49,eora26_full_2000,alt,0.95,1,1.25,90,default,reb90,germany21
50,eora26_full_2000,alt,0.95,1,1.25,90,default,reb90q,germany21
51,eora26_full_2000,alt,0.95,1,1.25,90,default,reb180q,germany21
52,eora26_full_2000,alt,0.95,1,1.25,90,default,reb180,germany21
53,eora26_full_2000,alt,0.95,1,1.25,90,default,reb365,germany21
54,eora26_full_2000,alt,0.95,1,1.25,90,default,reb545,germany21
55,eora26_full_2000,alt,0.95,1,1.25,365,default,recfast,germany21
56,eora26_full_2000,alt,0.95,1,1.25,365,default,reclin2,germany21
57,eora26_full_2000,alt,0.95,1,1.25,365,default,recS2,germany21
58,eora26_full_2000,alt,0.95,1,1.25,365,default,reclin6,germany21
59,eora26_full_2000,alt,0.95,1,1.25,365,default,recS6,germany21
60,eora26_full_2000,alt,0.95,1,1.25,365,default,reb90,germany21
61,eora26_full_2000,alt,0.95,1,1.25,365,default,reb90q,germany21
62,eora26_full_2000,alt,0.95,1,1.25,365,default,reb180q,germany21
63,eora26_full_2000,alt,0.95,1,1.25,365,default,reb180,germany21
64,eora26_full_2000,alt,0.95,1,1.25,365,default,reb365,germany21
65,eora26_full_2000,alt,0.95,1,1.25,365,default,reb545,germany21
66,eora26_full_2010,alt,0.8,1,1.25,90,default,recfast,germany21
67,eora26_full_2010,alt,0.8,1,1.25,90,default,reclin2,germany21
68,eora26_full_2010,alt,0.8,1,1.25,90,default,recS2,germany21
69,eora26_full_2010,alt,0.8,1,1.25,90,default,reclin6,germany21
70,eora26_full_2010,alt,0.8,1,1.25,90,default,recS6,germany21
71,eora26_full_2010,alt,0.8,1,1.25,90,default,reb90,germany21
72,eora26_full_2010,alt,0.8,1,1.25,90,default,reb90q,germany21
73,eora26_full_2010,alt,0.8,1,1.25,90,default,reb180q,germany21
74,eora26_full_2010,alt,0.8,1,1.25,90,default,reb180,germany21
75,eora26_full_2010,alt,0.8,1,1.25,90,default,reb365,germany21
76,eora26_full_2010,alt,0.8,1,1.25,90,default,reb545,germany21
77,eora26_full_2010,alt,0.8,1,1.25,365,default,recfast,germany21
78,eora26_full_2010,alt,0.8,1,1.25,365,default,reclin2,germany21
79,eora26_full_2010,alt,0.8,1,1.25,365,default,recS2,germany21
80,eora26_full_2010,alt,0.8,1,1.25,365,default,reclin6,germany21
81,eora26_full_2010,alt,0.8,1,1.25,365,default,recS6,germany21
82,eora26_full_2010,alt,0.8,1,1.25,365,default,reb90,germany21
83,eora26_full_2010,alt,0.8,1,1.25,365,default,reb90q,germany21
84,eora26_full_2010,alt,0.8,1,1.25,365,default,reb180q,germany21
85,eora26_full_2010,alt,0.8,1,1.25,365,default,reb180,germany21
86,eora26_full_2010,alt,0.8,1,1.25,365,default,reb365,germany21
87,eora26_full_2010,alt,0.8,1,1.25,365,default,reb545,germany21
88,eora26_full_2010,alt,0.85,1,1.25,90,default,recfast,germany21
89,eora26_full_2010,alt,0.85,1,1.25,90,default,reclin2,germany21
90,eora26_full_2010,alt,0.85,1,1.25,90,default,recS2,germany21
91,eora26_full_2010,alt,0.85,1,1.25,90,default,reclin6,germany21
92,eora26_full_2010,alt,0.85,1,1.25,90,default,recS6,germany21
93,eora26_full_2010,alt,0.85,1,1.25,90,default,reb90,germany21
94,eora26_full_2010,alt,0.85,1,1.25,90,default,reb90q,germany21
95,eora26_full_2010,alt,0.85,1,1.25,90,default,reb180q,germany21
96,eora26_full_2010,alt,0.85,1,1.25,90,default,reb180,germany21
97,eora26_full_2010,alt,0.85,1,1.25,90,default,reb365,germany21
98,eora26_full_2010,alt,0.85,1,1.25,90,default,reb545,germany21
99,eora26_full_2010,alt,0.85,1,1.25,365,default,recfast,germany21
100,eora26_full_2010,alt,0.85,1,1.25,365,default,reclin2,germany21
101,eora26_full_2010,alt,0.85,1,1.25,365,default,recS2,germany21
102,eora26_full_2010,alt,0.85,1,1.25,365,default,reclin6,germany21
103,eora26_full_2010,alt,0.85,1,1.25,365,default,recS6,germany21
104,eora26_full_2010,alt,0.85,1,1.25,365,default,reb90,germany21
105,eora26_full_2010,alt,0.85,1,1.25,365,default,reb90q,germany21
106,eora26_full_2010,alt,0.85,1,1.25,365,default,reb180q,germany21
107,eora26_full_2010,alt,0.85,1,1.25,365,default,reb180,germany21
108,eora26_full_2010,alt,0.85,1,1.25,365,default,reb365,germany21
109,eora26_full_2010,alt,0.85,1,1.25,365,default,reb545,germany21
110,eora26_full_2010,alt,0.95,1,1.25,90,default,recfast,germany21
111,eora26_full_2010,alt,0.95,1,1.25,90,default,reclin2,germany21
112,eora26_full_2010,alt,0.95,1,1.25,90,default,recS2,germany21
113,eora26_full_2010,alt,0.95,1,1.25,90,default,reclin6,germany21
114,eora26_full_2010,alt,0.95,1,1.25,90,default,recS6,germany21
115,eora26_full_2010,alt,0.95,1,1.25,90,default,reb90,germany21
116,eora26_full_2010,alt,0.95,1,1.25,90,default,reb90q,germany21
117,eora26_full_2010,alt,0.95,1,1.25,90,default,reb180q,germany21
118,eora26_full_2010,alt,0.95,1,1.25,90,default,reb180,germany21
119,eora26_full_2010,alt,0.95,1,1.25,90,default,reb365,germany21
120,eora26_full_2010,alt,0.95,1,1.25,90,default,reb545,germany21
121,eora26_full_2010,alt,0.95,1,1.25,365,default,recfast,germany21
122,eora26_full_2010,alt,0.95,1,1.25,365,default,reclin2,germany21
123,eora26_full_2010,alt,0.95,1,1.25,365,default,recS2,germany21
124,eora26_full_2010,alt,0.95,1,1.25,365,default,reclin6,germany21
125,eora26_full_2010,alt,0.95,1,1.25,365,default,recS6,germany21
126,eora26_full_2010,alt,0.95,1,1.25,365,default,reb90,germany21
127,eora26_full_2010,alt,0.95,1,1.25,365,default,reb90q,germany21
128,eora26_full_2010,alt,0.95,1,1.25,365,default,reb180q,germany21
129,eora26_full_2010,alt,0.95,1,1.25,365,default,reb180,germany21
130,eora26_full_2010,alt,0.95,1,1.25,365,default,reb365,germany21
131,eora26_full_2010,alt,0.95,1,1.25,365,default,reb545,germany21
132,exiobase3_full_2000_ixi,alt,0.8,1,1.25,90,default,recfast,germany21
133,exiobase3_full_2000_ixi,alt,0.8,1,1.25,90,default,reclin2,germany21
134,exiobase3_full_2000_ixi,alt,0.8,1,1.25,90,default,recS2,germany21
135,exiobase3_full_2000_ixi,alt,0.8,1,1.25,90,default,reclin6,germany21
136,exiobase3_full_2000_ixi,alt,0.8,1,1.25,90,default,recS6,germany21
137,exiobase3_full_2000_ixi,alt,0.8,1,1.25,90,default,reb90,germany21
138,exiobase3_full_2000_ixi,alt,0.8,1,1.25,90,default,reb90q,germany21
139,exiobase3_full_2000_ixi,alt,0.8,1,1.25,90,default,reb180q,germany21
140,exiobase3_full_2000_ixi,alt,0.8,1,1.25,90,default,reb180,germany21
141,exiobase3_full_2000_ixi,alt,0.8,1,1.25,90,default,reb365,germany21
142,exiobase3_full_2000_ixi,alt,0.8,1,1.25,90,default,reb545,germany21
143,exiobase3_full_2000_ixi,alt,0.8,1,1.25,365,default,recfast,germany21
144,exiobase3_full_2000_ixi,alt,0.8,1,1.25,365,default,reclin2,germany21
145,exiobase3_full_2000_ixi,alt,0.8,1,1.25,365,default,recS2,germany21
146,exiobase3_full_2000_ixi,alt,0.8,1,1.25,365,default,reclin6,germany21
147,exiobase3_full_2000_ixi,alt,0.8,1,1.25,365,default,recS6,germany21
148,exiobase3_full_2000_ixi,alt,0.8,1,1.25,365,default,reb90,germany21
149,exiobase3_full_2000_ixi,alt,0.8,1,1.25,365,default,reb90q,germany21
150,exiobase3_full_2000_ixi,alt,0.8,1,1.25,365,default,reb180q,germany21
151,exiobase3_full_2000_ixi,alt,0.8,1,1.25,365,default,reb180,germany21
152,exiobase3_full_2000_ixi,alt,0.8,1,1.25,365,default,reb365,germany21
153,exiobase3_full_2000_ixi,alt,0.8,1,1.25,365,default,reb545,germany21
154,exiobase3_full_2000_ixi,alt,0.85,1,1.25,90,default,recfast,germany21
155,exiobase3_full_2000_ixi,alt,0.85,1,1.25,90,default,reclin2,germany21
156,exiobase3_full_2000_ixi,alt,0.85,1,1.25,90,default,recS2,germany21
157,exiobase3_full_2000_ixi,alt,0.85,1,1.25,90,default,reclin6,germany21
158,exiobase3_full_2000_ixi,alt,0.85,1,1.25,90,default,recS6,germany21
159,exiobase3_full_2000_ixi,alt,0.85,1,1.25,90,default,reb90,germany21
160,exiobase3_full_2000_ixi,alt,0.85,1,1.25,90,default,reb90q,germany21
161,exiobase3_full_2000_ixi,alt,0.85,1,1.25,90,default,reb180q,germany21
162,exiobase3_full_2000_ixi,alt,0.85,1,1.25,90,default,reb180,germany21
163,exiobase3_full_2000_ixi,alt,0.85,1,1.25,90,default,reb365,germany21
164,exiobase3_full_2000_ixi,alt,0.85,1,1.25,90,default,reb545,germany21
165,exiobase3_full_2000_ixi,alt,0.85,1,1.25,365,default,recfast,germany21
166,exiobase3_full_2000_ixi,alt,0.85,1,1.25,365,default,reclin2,germany21
167,exiobase3_full_2000_ixi,alt,0.85,1,1.25,365,default,recS2,germany21
168,exiobase3_full_2000_ixi,alt,0.85,1,1.25,365,default,reclin6,germany21
169,exiobase3_full_2000_ixi,alt,0.85,1,1.25,365,default,recS6,germany21
170,exiobase3_full_2000_ixi,alt,0.85,1,1.25,365,default,reb90,germany21
171,exiobase3_full_2000_ixi,alt,0.85,1,1.25,365,default,reb90q,germany21
172,exiobase3_full_2000_ixi,alt,0.85,1,1.25,365,default,reb180q,germany21
173,exiobase3_full_2000_ixi,alt,0.85,1,1.25,365,default,reb180,germany21
174,exiobase3_full_2000_ixi,alt,0.85,1,1.25,365,default,reb365,germany21
175,exiobase3_full_2000_ixi,alt,0.85,1,1.25,365,default,reb545,germany21
176,exiobase3_full_2000_ixi,alt,0.95,1,1.25,90,default,recfast,germany21
177,exiobase3_full_2000_ixi,alt,0.95,1,1.25,90,default,reclin2,germany21
178,exiobase3_full_2000_ixi,alt,0.95,1,1.25,90,default,recS2,germany21
179,exiobase3_full_2000_ixi,alt,0.95,1,1.25,90,default,reclin6,germany21
180,exiobase3_full_2000_ixi,alt,0.95,1,1.25,90,default,recS6,germany21
181,exiobase3_full_2000_ixi,alt,0.95,1,1.25,90,default,reb90,germany21
182,exiobase3_full_2000_ixi,alt,0.95,1,1.25,90,default,reb90q,germany21
183,exiobase3_full_2000_ixi,alt,0.95,1,1.25,90,default,reb180q,germany21
184,exiobase3_full_2000_ixi,alt,0.95,1,1.25,90,default,reb180,germany21
185,exiobase3_full_2000_ixi,alt,0.95,1,1.25,90,default,reb365,germany21
186,exiobase3_full_2000_ixi,alt,0.95,1,1.25,90,default,reb545,germany21
187,exiobase3_full_2000_ixi,alt,0.95,1,1.25,365,default,recfast,germany21
188,exiobase3_full_2000_ixi,alt,0.95,1,1.25,365,default,reclin2,germany21
189,exiobase3_full_2000_ixi,alt,0.95,1,1.25,365,default,recS2,germany21
190,exiobase3_full_2000_ixi,alt,0.95,1,1.25,365,default,reclin6,germany21
191,exiobase3_full_2000_ixi,alt,0.95,1,1.25,365,default,recS6,germany21
192,exiobase3_full_2000_ixi,alt,0.95,1,1.25,365,default,reb90,germany21
193,exiobase3_full_2000_ixi,alt,0.95,1,1.25,365,default,reb90q,germany21
194,exiobase3_full_2000_ixi,alt,0.95,1,1.25,365,default,reb180q,germany21
195,exiobase3_full_2000_ixi,alt,0.95,1,1.25,365,default,reb180,germany21
196,exiobase3_full_2000_ixi,alt,0.95,1,1.25,365,default,reb365,germany21
197,exiobase3_full_2000_ixi,alt,0.95,1,1.25,365,default,reb545,germany21
198,exiobase3_full_2010_ixi,alt,0.8,1,1.25,90,default,recfast,germany21
199,exiobase3_full_2010_ixi,alt,0.8,1,1.25,90,default,reclin2,germany21
200,exiobase3_full_2010_ixi,alt,0.8,1,1.25,90,default,recS2,germany21
201,exiobase3_full_2010_ixi,alt,0.8,1,1.25,90,default,reclin6,germany21
202,exiobase3_full_2010_ixi,alt,0.8,1,1.25,90,default,recS6,germany21
203,exiobase3_full_2010_ixi,alt,0.8,1,1.25,90,default,reb90,germany21
204,exiobase3_full_2010_ixi,alt,0.8,1,1.25,90,default,reb90q,germany21
205,exiobase3_full_2010_ixi,alt,0.8,1,1.25,90,default,reb180q,germany21
206,exiobase3_full_2010_ixi,alt,0.8,1,1.25,90,default,reb180,germany21
207,exiobase3_full_2010_ixi,alt,0.8,1,1.25,90,default,reb365,germany21
208,exiobase3_full_2010_ixi,alt,0.8,1,1.25,90,default,reb545,germany21
209,exiobase3_full_2010_ixi,alt,0.8,1,1.25,365,default,recfast,germany21
210,exiobase3_full_2010_ixi,alt,0.8,1,1.25,365,default,reclin2,germany21
211,exiobase3_full_2010_ixi,alt,0.8,1,1.25,365,default,recS2,germany21
212,exiobase3_full_2010_ixi,alt,0.8,1,1.25,365,default,reclin6,germany21
213,exiobase3_full_2010_ixi,alt,0.8,1,1.25,365,default,recS6,germany21
214,exiobase3_full_2010_ixi,alt,0.8,1,1.25,365,default,reb90,germany21
215,exiobase3_full_2010_ixi,alt,0.8,1,1.25,365,default,reb90q,germany21
216,exiobase3_full_2010_ixi,alt,0.8,1,1.25,365,default,reb180q,germany21
217,exiobase3_full_2010_ixi,alt,0.8,1,1.25,365,default,reb180,germany21
218,exiobase3_full_2010_ixi,alt,0.8,1,1.25,365,default,reb365,germany21
219,exiobase3_full_2010_ixi,alt,0.8,1,1.25,365,default,reb545,germany21
220,exiobase3_full_2010_ixi,alt,0.85,1,1.25,90,default,recfast,germany21
221,exiobase3_full_2010_ixi,alt,0.85,1,1.25,90,default,reclin2,germany21
222,exiobase3_full_2010_ixi,alt,0.85,1,1.25,90,default,recS2,germany21
223,exiobase3_full_2010_ixi,alt,0.85,1,1.25,90,default,reclin6,germany21
224,exiobase3_full_2010_ixi,alt,0.85,1,1.25,90,default,recS6,germany21
225,exiobase3_full_2010_ixi,alt,0.85,1,1.25,90,default,reb90,germany21
226,exiobase3_full_2010_ixi,alt,0.85,1,1.25,90,default,reb90q,germany21
227,exiobase3_full_2010_ixi,alt,0.85,1,1.25,90,default,reb180q,germany21
228,exiobase3_full_2010_ixi,alt,0.85,1,1.25,90,default,reb180,germany21
229,exiobase3_full_2010_ixi,alt,0.85,1,1.25,90,default,reb365,germany21
230,exiobase3_full_2010_ixi,alt,0.85,1,1.25,90,default,reb545,germany21
231,exiobase3_full_2010_ixi,alt,0.85,1,1.25,365,default,recfast,germany21
232,exiobase3_full_2010_ixi,alt,0.85,1,1.25,365,default,reclin2,germany21
233,exiobase3_full_2010_ixi,alt,0.85,1,1.25,365,default,recS2,germany21
234,exiobase3_full_2010_ixi,alt,0.85,1,1.25,365,default,reclin6,germany21
235,exiobase3_full_2010_ixi,alt,0.85,1,1.25,365,default,recS6,germany21
236,exiobase3_full_2010_ixi,alt,0.85,1,1.25,365,default,reb90,germany21
237,exiobase3_full_2010_ixi,alt,0.85,1,1.25,365,default,reb90q,germany21
238,exiobase3_full_2010_ixi,alt,0.85,1,1.25,365,default,reb180q,germany21
239,exiobase3_full_2010_ixi,alt,0.85,1,1.25,365,default,reb180,germany21
240,exiobase3_full_2010_ixi,alt,0.85,1,1.25,365,default,reb365,germany21
241,exiobase3_full_2010_ixi,alt,0.85,1,1.25,365,default,reb545,germany21
242,exiobase3_full_2010_ixi,alt,0.95,1,1.25,90,default,recfast,germany21
243,exiobase3_full_2010_ixi,alt,0.95,1,1.25,90,default,reclin2,germany21
244,exiobase3_full_2010_ixi,alt,0.95,1,1.25,90,default,recS2,germany21
245,exiobase3_full_2010_ixi,alt,0.95,1,1.25,90,default,reclin6,germany21
246,exiobase3_full_2010_ixi,alt,0.95,1,1.25,90,default,recS6,germany21
247,exiobase3_full_2010_ixi,alt,0.95,1,1.25,90,default,reb90,germany21
248,exiobase3_full_2010_ixi,alt,0.95,1,1.25,90,default,reb90q,germany21
249,exiobase3_full_2010_ixi,alt,0.95,1,1.25,90,default,reb180q,germany21
250,exiobase3_full_2010_ixi,alt,0.95,1,1.25,90,default,reb180,germany21
251,exiobase3_full_2010_ixi,alt,0.95,1,1.25,90,default,reb365,germany21
252,exiobase3_full_2010_ixi,alt,0.95,1,1.25,90,default,reb545,germany21
253,exiobase3_full_2010_ixi,alt,0.95,1,1.25,365,default,recfast,germany21
254,exiobase3_full_2010_ixi,alt,0.95,1,1.25,365,default,reclin2,germany21
255,exiobase3_full_2010_ixi,alt,0.95,1,1.25,365,default,recS2,germany21
256,exiobase3_full_2010_ixi,alt,0.95,1,1.25,365,default,reclin6,germany21
257,exiobase3_full_2010_ixi,alt,0.95,1,1.25,365,default,recS6,germany21
258,exiobase3_full_2010_ixi,alt,0.95,1,1.25,365,default,reb90,germany21
259,exiobase3_full_2010_ixi,alt,0.95,1,1.25,365,default,reb90q,germany21
260,exiobase3_full_2010_ixi,alt,0.95,1,1.25,365,default,reb180q,germany21
261,exiobase3_full_2010_ixi,alt,0.95,1,1.25,365,default,reb180,germany21
262,exiobase3_full_2010_ixi,alt,0.95,1,1.25,365,default,reb365,germany21
263,exiobase3_full_2010_ixi,alt,0.95,1,1.25,365,default,reb545,germany21
264,euregio_full_2000,alt,0.8,1,1.25,90,default,recfast,germany21
265,euregio_full_2000,alt,0.8,1,1.25,90,default,reclin2,germany21
266,euregio_full_2000,alt,0.8,1,1.25,90,default,recS2,germany21
267,euregio_full_2000,alt,0.8,1,1.25,90,default,reclin6,germany21
268,euregio_full_2000,alt,0.8,1,1.25,90,default,recS6,germany21
269,euregio_full_2000,alt,0.8,1,1.25,90,default,reb90,germany21
270,euregio_full_2000,alt,0.8,1,1.25,90,default,reb90q,germany21
271,euregio_full_2000,alt,0.8,1,1.25,90,default,reb180q,germany21
272,euregio_full_2000,alt,0.8,1,1.25,90,default,reb180,germany21
273,euregio_full_2000,alt,0.8,1,1.25,90,default,reb365,germany21
274,euregio_full_2000,alt,0.8,1,1.25,90,default,reb545,germany21
275,euregio_full_2000,alt,0.8,1,1.25,365,default,recfast,germany21
276,euregio_full_2000,alt,0.8,1,1.25,365,default,reclin2,germany21
277,euregio_full_2000,alt,0.8,1,1.25,365,default,recS2,germany21
278,euregio_full_2000,alt,0.8,1,1.25,365,default,reclin6,germany21
279,euregio_full_2000,alt,0.8,1,1.25,365,default,recS6,germany21
280,euregio_full_2000,alt,0.8,1,1.25,365,default,reb90,germany21
281,euregio_full_2000,alt,0.8,1,1.25,365,default,reb90q,germany21
282,euregio_full_2000,alt,0.8,1,1.25,365,default,reb180q,germany21
283,euregio_full_2000,alt,0.8,1,1.25,365,default,reb180,germany21
284,euregio_full_2000,alt,0.8,1,1.25,365,default,reb365,germany21
285,euregio_full_2000,alt,0.8,1,1.25,365,default,reb545,germany21
286,euregio_full_2000,alt,0.85,1,1.25,90,default,recfast,germany21
287,euregio_full_2000,alt,0.85,1,1.25,90,default,reclin2,germany21
288,euregio_full_2000,alt,0.85,1,1.25,90,default,recS2,germany21
289,euregio_full_2000,alt,0.85,1,1.25,90,default,reclin6,germany21
290,euregio_full_2000,alt,0.85,1,1.25,90,default,recS6,germany21
291,euregio_full_2000,alt,0.85,1,1.25,90,default,reb90,germany21
292,euregio_full_2000,alt,0.85,1,1.25,90,default,reb90q,germany21
293,euregio_full_2000,alt,0.85,1,1.25,90,default,reb180q,germany21
294,euregio_full_2000,alt,0.85,1,1.25,90,default,reb180,germany21
295,euregio_full_2000,alt,0.85,1,1.25,90,default,reb365,germany21
296,euregio_full_2000,alt,0.85,1,1.25,90,default,reb545,germany21
297,euregio_full_2000,alt,0.85,1,1.25,365,default,recfast,germany21
298,euregio_full_2000,alt,0.85,1,1.25,365,default,reclin2,germany21
299,euregio_full_2000,alt,0.85,1,1.25,365,default,recS2,germany21
300,euregio_full_2000,alt,0.85,1,1.25,365,default,reclin6,germany21
301,euregio_full_2000,alt,0.85,1,1.25,365,default,recS6,germany21
302,euregio_full_2000,alt,0.85,1,1.25,365,default,reb90,germany21
303,euregio_full_2000,alt,0.85,1,1.25,365,default,reb90q,germany21
304,euregio_full_2000,alt,0.85,1,1.25,365,default,reb180q,germany21
305,euregio_full_2000,alt,0.85,1,1.25,365,default,reb180,germany21
306,euregio_full_2000,alt,0.85,1,1.25,365,default,reb365,germany21
307,euregio_full_2000,alt,0.85,1,1.25,365,default,reb545,germany21
308,euregio_full_2000,alt,0.95,1,1.25,90,default,recfast,germany21
309,euregio_full_2000,alt,0.95,1,1.25,90,default,reclin2,germany21
310,euregio_full_2000,alt,0.95,1,1.25,90,default,recS2,germany21
311,euregio_full_2000,alt,0.95,1,1.25,90,default,reclin6,germany21
312,euregio_full_2000,alt,0.95,1,1.25,90,default,recS6,germany21
313,euregio_full_2000,alt,0.95,1,1.25,90,default,reb90,germany21
314,euregio_full_2000,alt,0.95,1,1.25,90,default,reb90q,germany21
315,euregio_full_2000,alt,0.95,1,1.25,90,default,reb180q,germany21
316,euregio_full_2000,alt,0.95,1,1.25,90,default,reb180,germany21
317,euregio_full_2000,alt,0.95,1,1.25,90,default,reb365,germany21
318,euregio_full_2000,alt,0.95,1,1.25,90,default,reb545,germany21
319,euregio_full_2000,alt,0.95,1,1.25,365,default,recfast,germany21
320,euregio_full_2000,alt,0.95,1,1.25,365,default,reclin2,germany21
321,euregio_full_2000,alt,0.95,1,1.25,365,default,recS2,germany21
322,euregio_full_2000,alt,0.95,1,1.25,365,default,reclin6,germany21
323,euregio_full_2000,alt,0.95,1,1.25,365,default,recS6,germany21
324,euregio_full_2000,alt,0.95,1,1.25,365,default,reb90,germany21
325,euregio_full_2000,alt,0.95,1,1.25,365,default,reb90q,germany21
326,euregio_full_2000,alt,0.95,1,1.25,365,default,reb180q,germany21
327,euregio_full_2000,alt,0.95,1,1.25,365,default,reb180,germany21
328,euregio_full_2000,alt,0.95,1,1.25,365,default,reb365,germany21
329,euregio_full_2000,alt,0.95,1,1.25,365,default,reb545,germany21
330,euregio_full_2010,alt,0.8,1,1.25,90,default,recfast,germany21
331,euregio_full_2010,alt,0.8,1,1.25,90,default,reclin2,germany21
332,euregio_full_2010,alt,0.8,1,1.25,90,default,recS2,germany21
333,euregio_full_2010,alt,0.8,1,1.25,90,default,reclin6,germany21
334,euregio_full_2010,alt,0.8,1,1.25,90,default,recS6,germany21
335,euregio_full_2010,alt,0.8,1,1.25,90,default,reb90,germany21
336,euregio_full_2010,alt,0.8,1,1.25,90,default,reb90q,germany21
337,euregio_full_2010,alt,0.8,1,1.25,90,default,reb180q,germany21
338,euregio_full_2010,alt,0.8,1,1.25,90,default,reb180,germany21
339,euregio_full_2010,alt,0.8,1,1.25,90,default,reb365,germany21
340,euregio_full_2010,alt,0.8,1,1.25,90,default,reb545,germany21
341,euregio_full_2010,alt,0.8,1,1.25,365,default,recfast,germany21
342,euregio_full_2010,alt,0.8,1,1.25,365,default,reclin2,germany21
343,euregio_full_2010,alt,0.8,1,1.25,365,default,recS2,germany21
344,euregio_full_2010,alt,0.8,1,1.25,365,default,reclin6,germany21
345,euregio_full_2010,alt,0.8,1,1.25,365,default,recS6,germany21
346,euregio_full_2010,alt,0.8,1,1.25,365,default,reb90,germany21
347,euregio_full_2010,alt,0.8,1,1.25,365,default,reb90q,germany21
348,euregio_full_2010,alt,0.8,1,1.25,365,default,reb180q,germany21
349,euregio_full_2010,alt,0.8,1,1.25,365,default,reb180,germany21
350,euregio_full_2010,alt,0.8,1,1.25,365,default,reb365,germany21
351,euregio_full_2010,alt,0.8,1,1.25,365,default,reb545,germany21
352,euregio_full_2010,alt,0.85,1,1.25,90,default,recfast,germany21
353,euregio_full_2010,alt,0.85,1,1.25,90,default,reclin2,germany21
354,euregio_full_2010,alt,0.85,1,1.25,90,default,recS2,germany21
355,euregio_full_2010,alt,0.85,1,1.25,90,default,reclin6,germany21
356,euregio_full_2010,alt,0.85,1,1.25,90,default,recS6,germany21
357,euregio_full_2010,alt,0.85,1,1.25,90,default,reb90,germany21
358,euregio_full_2010,alt,0.85,1,1.25,90,default,reb90q,germany21
359,euregio_full_2010,alt,0.85,1,1.25,90,default,reb180q,germany21
360,euregio_full_2010,alt,0.85,1,1.25,90,default,reb180,germany21
361,euregio_full_2010,alt,0.85,1,1.25,90,default,reb365,germany21
362,euregio_full_2010,alt,0.85,1,1.25,90,default,reb545,germany21
363,euregio_full_2010,alt,0.85,1,1.25,365,default,recfast,germany21
364,euregio_full_2010,alt,0.85,1,1.25,365,default,reclin2,germany21
365,euregio_full_2010,alt,0.85,1,1.25,365,default,recS2,germany21
366,euregio_full_2010,alt,0.85,1,1.25,365,default,reclin6,germany21
367,euregio_full_2010,alt,0.85,1,1.25,365,default,recS6,germany21
368,euregio_full_2010,alt,0.85,1,1.25,365,default,reb90,germany21
369,euregio_full_2010,alt,0.85,1,1.25,365,default,reb90q,germany21
370,euregio_full_2010,alt,0.85,1,1.25,365,default,reb180q,germany21
371,euregio_full_2010,alt,0.85,1,1.25,365,default,reb180,germany21
372,euregio_full_2010,alt,0.85,1,1.25,365,default,reb365,germany21
373,euregio_full_2010,alt,0.85,1,1.25,365,default,reb545,germany21
374,euregio_full_2010,alt,0.95,1,1.25,90,default,recfast,germany21
375,euregio_full_2010,alt,0.95,1,1.25,90,default,reclin2,germany21
376,euregio_full_2010,alt,0.95,1,1.25,90,default,recS2,germany21
377,euregio_full_2010,alt,0.95,1,1.25,90,default,reclin6,germany21
378,euregio_full_2010,alt,0.95,1,1.25,90,default,recS6,germany21
379,euregio_full_2010,alt,0.95,1,1.25,90,default,reb90,germany21
380,euregio_full_2010,alt,0.95,1,1.25,90,default,reb90q,germany21
381,euregio_full_2010,alt,0.95,1,1.25,90,default,reb180q,germany21
382,euregio_full_2010,alt,0.95,1,1.25,90,default,reb180,germany21
383,euregio_full_2010,alt,0.95,1,1.25,90,default,reb365,germany21
384,euregio_full_2010,alt,0.95,1,1.25,90,default,reb545,germany21
385,euregio_full_2010,alt,0.95,1,1.25,365,default,recfast,germany21
386,euregio_full_2010,alt,0.95,1,1.25,365,default,reclin2,germany21
387,euregio_full_2010,alt,0.95,1,1.25,365,default,recS2,germany21
388,euregio_full_2010,alt,0.95,1,1.25,365,default,reclin6,germany21
389,euregio_full_2010,alt,0.95,1,1.25,365,default,recS6,germany21
390,euregio_full_2010,alt,0.95,1,1.25,365,default,reb90,germany21
391,euregio_full_2010,alt,0.95,1,1.25,365,default,reb90q,germany21
392,euregio_full_2010,alt,0.95,1,1.25,365,default,reb180q,germany21
393,euregio_full_2010,alt,0.95,1,1.25,365,default,reb180,germany21
394,euregio_full_2010,alt,0.95,1,1.25,365,default,reb365,germany21
395,euregio_full_2010,alt,0.95,1,1.25,365,default,reb545,germany21
